{"flutter":{"platforms":{"android":{"default":{"projectId":"health-7d110","appId":"1:249716587754:android:3de77c0d3cd1083937eb93","fileOutput":"android/app/google-services.json"}},"ios":{"default":{"projectId":"health-7d110","appId":"1:249716587754:ios:069db37c12a828ba37eb93","uploadDebugSymbols":false,"fileOutput":"ios/Runner/GoogleService-Info.plist"}},"macos":{"default":{"projectId":"health-7d110","appId":"1:249716587754:ios:069db37c12a828ba37eb93","uploadDebugSymbols":false,"fileOutput":"macos/Runner/GoogleService-Info.plist"}},"dart":{"lib/firebase_options.dart":{"projectId":"health-7d110","configurations":{"android":"1:249716587754:android:3de77c0d3cd1083937eb93","ios":"1:249716587754:ios:069db37c12a828ba37eb93","macos":"1:249716587754:ios:069db37c12a828ba37eb93","web":"1:249716587754:web:1c4f69a4d6d8bf0c37eb93","windows":"1:249716587754:web:5f96fed20247156737eb93"}}}}}}